Time, Ecoregion, NumSites,LiveB, AG_NPP, LitterB, ExternalGrowthReduction
0, Eco1072, 115584, 6886.37, 34.7, 188.5, 0.0
0, Eco1102, 62270, 6909.76, 64.3, 204.7, 0.0
0, Eco1133, 2042, 8287.60, 334.5, 209.3, 0.0
0, Eco1226, 20029, 8292.34, 163.8, 241.7, 0.0
0, Eco1441, 3597, 7717.23, 262.6, 228.7, 0.0
0, Eco2072, 474, 6514.83, 236.0, 164.6, 0.0
0, Eco2102, 25182, 6485.77, 111.9, 192.6, 0.0
0, Eco2133, 62492, 6925.29, 57.9, 180.5, 0.0
0, Eco2226, 140769, 7487.11, 33.7, 201.9, 0.0
0, Eco2441, 13252, 8301.66, 194.3, 225.7, 0.0
0, Eco3036, 4122, 5281.64, 180.7, 163.5, 0.0
0, Eco3072, 7998, 6101.76, 180.5, 188.1, 0.0
0, Eco3102, 2702, 6621.52, 243.8, 195.4, 0.0
0, Eco3226, 63089, 7892.11, 67.7, 227.3, 0.0
0, Eco3441, 12813, 9248.88, 192.6, 265.6, 0.0
0, Eco4036, 10187, 4403.19, 102.0, 143.3, 0.0
0, Eco4072, 8627, 6019.81, 164.7, 174.1, 0.0
0, Eco4102, 10771, 6711.30, 163.4, 191.2, 0.0
0, Eco4133, 2167, 7480.29, 253.5, 198.1, 0.0
0, Eco4226, 50645, 7386.39, 71.3, 210.2, 0.0
0, Eco4441, 11394, 8389.82, 195.4, 251.2, 0.0
0, Eco5036, 518, 5230.17, 180.4, 140.5, 0.0
0, Eco5102, 1704, 7332.54, 258.5, 209.7, 0.0
0, Eco5133, 2095, 6285.06, 228.9, 176.3, 0.0
0, Eco5226, 79038, 7447.26, 51.2, 201.4, 0.0
0, Eco5441, 24346, 8162.21, 130.7, 246.5, 0.0
0, Eco6036, 416, 4378.18, 139.9, 115.6, 0.0
0, Eco6133, 718, 6752.17, 246.0, 171.8, 0.0
0, Eco6226, 14221, 7171.20, 146.8, 193.3, 0.0
0, Eco6441, 112, 7713.83, 326.6, 178.2, 0.0
0, Eco7133, 1393, 7181.63, 245.0, 166.0, 0.0
0, Eco7226, 46751, 7477.97, 83.9, 209.3, 0.0
0, Eco7441, 8369, 8242.08, 236.1, 248.5, 0.0
5, Eco1072, 115584, 7937.33, 407.9, 182.3, 0.0
5, Eco1102, 62270, 8056.02, 424.6, 200.4, 0.0
5, Eco1133, 2042, 9481.82, 502.2, 205.9, 0.0
5, Eco1226, 20029, 9720.30, 524.7, 232.8, 0.0
5, Eco1441, 3597, 9245.35, 511.2, 255.3, 0.0
5, Eco2072, 474, 7310.68, 371.0, 145.9, 0.0
5, Eco2102, 25182, 7280.24, 343.2, 132.2, 0.0
5, Eco2133, 62492, 7818.58, 416.1, 152.7, 0.0
5, Eco2226, 140769, 8654.16, 461.4, 178.9, 0.0
5, Eco2441, 13252, 9581.70, 511.3, 217.0, 0.0
5, Eco3036, 4122, 6100.03, 313.9, 143.8, 0.0
5, Eco3072, 7998, 7064.21, 355.8, 152.7, 0.0
5, Eco3102, 2702, 7696.89, 402.9, 176.0, 0.0
5, Eco3226, 63089, 9195.18, 492.3, 210.4, 0.0
5, Eco3441, 12813, 10598.50, 565.8, 262.7, 0.0
5, Eco4036, 10187, 5024.20, 254.9, 102.5, 0.0
5, Eco4072, 8627, 6886.12, 351.5, 145.7, 0.0
5, Eco4102, 10771, 7674.30, 402.6, 169.5, 0.0
5, Eco4133, 2167, 8462.63, 440.2, 185.2, 0.0
5, Eco4226, 50645, 8490.33, 463.6, 176.3, 0.0
5, Eco4441, 11394, 9600.37, 495.5, 208.4, 0.0
5, Eco5036, 518, 5843.69, 276.8, 118.2, 0.0
5, Eco5102, 1704, 8313.12, 425.2, 190.1, 0.0
5, Eco5133, 2095, 7114.18, 362.6, 134.8, 0.0
5, Eco5226, 79038, 8426.81, 449.0, 166.7, 0.0
5, Eco5441, 24346, 9245.66, 480.5, 196.6, 0.0
5, Eco6036, 416, 4863.86, 239.5, 87.5, 0.0
5, Eco6133, 718, 7547.61, 375.8, 135.6, 0.0
5, Eco6226, 14221, 8136.59, 427.4, 152.2, 0.0
5, Eco6441, 112, 8953.13, 486.4, 184.8, 0.0
5, Eco7133, 1393, 8126.72, 442.9, 161.8, 0.0
5, Eco7226, 46751, 8596.13, 461.3, 178.5, 0.0
5, Eco7441, 8369, 9516.35, 501.3, 215.8, 0.0
10, Eco1072, 115584, 8812.54, 433.3, 193.3, 0.0
10, Eco1102, 62270, 9083.84, 448.2, 211.0, 0.0
10, Eco1133, 2042, 10167.19, 502.7, 216.2, 0.0
10, Eco1226, 20029, 10743.41, 527.3, 236.6, 0.0
10, Eco1441, 3597, 10375.06, 519.7, 253.0, 0.0
10, Eco2072, 474, 8150.42, 413.6, 163.5, 0.0
10, Eco2102, 25182, 7744.48, 379.1, 147.3, 0.0
10, Eco2133, 62492, 8304.97, 440.0, 167.0, 0.0
10, Eco2226, 140769, 9068.31, 455.3, 179.9, 0.0
10, Eco2441, 13252, 10398.24, 517.7, 218.9, 0.0
10, Eco3036, 4122, 6467.69, 321.3, 144.7, 0.0
10, Eco3072, 7998, 7842.94, 386.3, 164.0, 0.0
10, Eco3102, 2702, 8419.39, 415.3, 183.1, 0.0
10, Eco3226, 63089, 9777.20, 479.4, 210.1, 0.0
10, Eco3441, 12813, 11423.27, 573.9, 260.2, 0.0
10, Eco4036, 10187, 5168.76, 272.8, 107.9, 0.0
10, Eco4072, 8627, 7196.97, 356.1, 151.7, 0.0
10, Eco4102, 10771, 8402.87, 422.9, 183.7, 0.0
10, Eco4133, 2167, 9051.38, 445.5, 198.0, 0.0
10, Eco4226, 50645, 8879.44, 462.1, 184.8, 0.0
10, Eco4441, 11394, 10102.92, 509.8, 223.1, 0.0
10, Eco5036, 518, 6262.68, 296.3, 125.4, 0.0
10, Eco5102, 1704, 8957.27, 433.0, 203.5, 0.0
10, Eco5133, 2095, 7708.40, 394.7, 151.8, 0.0
10, Eco5226, 79038, 8804.58, 453.3, 178.6, 0.0
10, Eco5441, 24346, 9623.36, 488.2, 205.3, 0.0
10, Eco6036, 416, 5084.66, 270.2, 98.3, 0.0
10, Eco6133, 718, 8023.10, 413.9, 159.2, 0.0
10, Eco6226, 14221, 8642.78, 451.4, 169.8, 0.0
10, Eco6441, 112, 9034.09, 479.6, 192.5, 0.0
10, Eco7133, 1393, 9059.07, 466.4, 177.7, 0.0
10, Eco7226, 46751, 9131.92, 456.9, 182.8, 0.0
10, Eco7441, 8369, 10296.29, 507.6, 213.4, 0.0
15, Eco1072, 115584, 9403.86, 423.1, 188.8, 0.0
15, Eco1102, 62270, 9855.73, 436.0, 205.6, 0.0
15, Eco1133, 2042, 10941.99, 496.8, 215.6, 0.0
15, Eco1226, 20029, 11417.24, 499.3, 230.3, 0.0
15, Eco1441, 3597, 10937.65, 471.4, 237.5, 0.0
15, Eco2072, 474, 7663.43, 375.4, 150.9, 0.0
15, Eco2102, 25182, 8249.61, 385.8, 149.0, 0.0
15, Eco2133, 62492, 8798.22, 438.2, 166.7, 0.0
15, Eco2226, 140769, 9269.07, 431.4, 173.4, 0.0
15, Eco2441, 13252, 10879.94, 489.9, 212.1, 0.0
15, Eco3036, 4122, 6458.93, 292.8, 133.9, 0.0
15, Eco3072, 7998, 8320.39, 377.8, 159.8, 0.0
15, Eco3102, 2702, 8857.45, 402.5, 176.1, 0.0
15, Eco3226, 63089, 10125.97, 454.3, 201.4, 0.0
15, Eco3441, 12813, 11872.13, 535.8, 251.8, 0.0
15, Eco4036, 10187, 5331.97, 256.6, 102.5, 0.0
15, Eco4072, 8627, 7443.23, 349.1, 144.4, 0.0
15, Eco4102, 10771, 8506.10, 397.7, 171.1, 0.0
15, Eco4133, 2167, 8926.67, 411.2, 181.8, 0.0
15, Eco4226, 50645, 8918.84, 432.2, 174.4, 0.0
15, Eco4441, 11394, 10328.62, 484.8, 215.3, 0.0
15, Eco5036, 518, 5981.13, 267.9, 115.4, 0.0
15, Eco5102, 1704, 9197.62, 421.8, 191.7, 0.0
15, Eco5133, 2095, 8052.49, 387.3, 146.2, 0.0
15, Eco5226, 79038, 8997.89, 434.5, 171.5, 0.0
15, Eco5441, 24346, 9835.72, 478.8, 203.5, 0.0
15, Eco6036, 416, 4596.11, 233.8, 87.1, 0.0
15, Eco6133, 718, 8504.40, 411.3, 155.2, 0.0
15, Eco6226, 14221, 8882.84, 431.7, 163.4, 0.0
15, Eco6441, 112, 9728.37, 491.4, 195.8, 0.0
15, Eco7133, 1393, 9695.21, 459.8, 174.6, 0.0
15, Eco7226, 46751, 9233.51, 424.5, 172.9, 0.0
15, Eco7441, 8369, 10488.28, 468.8, 204.4, 0.0
20, Eco1072, 115584, 9847.59, 411.1, 175.0, 0.0
20, Eco1102, 62270, 10390.75, 422.1, 187.8, 0.0
20, Eco1133, 2042, 10217.42, 421.0, 177.6, 0.0
20, Eco1226, 20029, 11803.14, 491.2, 212.3, 0.0
20, Eco1441, 3597, 11770.72, 485.5, 234.6, 0.0
20, Eco2072, 474, 8278.32, 396.9, 148.8, 0.0
20, Eco2102, 25182, 8580.54, 376.0, 142.1, 0.0
20, Eco2133, 62492, 9042.63, 417.0, 154.7, 0.0
20, Eco2226, 140769, 9556.76, 431.2, 166.9, 0.0
20, Eco2441, 13252, 11150.97, 472.6, 203.9, 0.0
20, Eco3036, 4122, 6688.57, 305.9, 130.1, 0.0
20, Eco3072, 7998, 8664.17, 373.2, 151.6, 0.0
20, Eco3102, 2702, 9466.79, 404.3, 166.5, 0.0
20, Eco3226, 63089, 10264.72, 444.1, 185.6, 0.0
20, Eco3441, 12813, 12416.50, 526.5, 246.8, 0.0
20, Eco4036, 10187, 5479.63, 264.5, 101.2, 0.0
20, Eco4072, 8627, 7518.50, 344.9, 138.0, 0.0
20, Eco4102, 10771, 8533.80, 384.9, 158.7, 0.0
20, Eco4133, 2167, 8814.98, 394.9, 165.4, 0.0
20, Eco4226, 50645, 9005.80, 424.9, 165.2, 0.0
20, Eco4441, 11394, 10554.42, 481.0, 212.4, 0.0
20, Eco5036, 518, 6125.53, 271.9, 110.4, 0.0
20, Eco5102, 1704, 9560.07, 416.4, 181.0, 0.0
20, Eco5133, 2095, 7922.06, 363.8, 136.3, 0.0
20, Eco5226, 79038, 9084.42, 418.9, 161.7, 0.0
20, Eco5441, 24346, 10045.36, 477.3, 204.7, 0.0
20, Eco6036, 416, 4895.96, 245.2, 85.4, 0.0
20, Eco6133, 718, 8457.42, 380.7, 142.7, 0.0
20, Eco6226, 14221, 8646.35, 400.1, 150.8, 0.0
20, Eco6441, 112, 10414.28, 508.1, 204.3, 0.0
20, Eco7133, 1393, 10211.30, 439.0, 161.1, 0.0
20, Eco7226, 46751, 8959.72, 401.0, 156.4, 0.0
20, Eco7441, 8369, 10434.38, 446.9, 195.3, 0.0
25, Eco1072, 115584, 10383.77, 417.6, 185.1, 0.0
25, Eco1102, 62270, 11085.49, 431.0, 199.2, 0.0
25, Eco1133, 2042, 9212.95, 390.8, 175.1, 0.0
25, Eco1226, 20029, 12061.53, 475.6, 217.0, 0.0
25, Eco1441, 3597, 12252.85, 467.8, 227.9, 0.0
25, Eco2072, 474, 8848.25, 396.8, 158.2, 0.0
25, Eco2102, 25182, 9200.98, 383.0, 152.2, 0.0
25, Eco2133, 62492, 9471.45, 421.0, 164.3, 0.0
25, Eco2226, 140769, 10020.05, 428.3, 172.8, 0.0
25, Eco2441, 13252, 11798.70, 474.8, 206.1, 0.0
25, Eco3036, 4122, 6938.26, 297.0, 133.2, 0.0
25, Eco3072, 7998, 8972.05, 368.7, 159.2, 0.0
25, Eco3102, 2702, 9955.02, 400.6, 175.5, 0.0
25, Eco3226, 63089, 10735.19, 449.5, 196.4, 0.0
25, Eco3441, 12813, 12988.01, 523.5, 244.3, 0.0
25, Eco4036, 10187, 5605.44, 261.9, 107.0, 0.0
25, Eco4072, 8627, 7314.44, 323.1, 139.2, 0.0
25, Eco4102, 10771, 8814.06, 383.5, 166.9, 0.0
25, Eco4133, 2167, 8868.88, 392.5, 172.5, 0.0
25, Eco4226, 50645, 9179.24, 427.1, 173.4, 0.0
25, Eco4441, 11394, 10977.71, 482.2, 204.2, 0.0
25, Eco5036, 518, 6505.73, 264.7, 115.2, 0.0
25, Eco5102, 1704, 10059.97, 412.0, 190.6, 0.0
25, Eco5133, 2095, 8216.99, 364.1, 142.5, 0.0
25, Eco5226, 79038, 9479.07, 427.8, 172.3, 0.0
25, Eco5441, 24346, 10347.60, 466.6, 195.6, 0.0
25, Eco6036, 416, 3905.10, 188.5, 75.7, 0.0
25, Eco6133, 718, 8573.03, 378.6, 149.4, 0.0
25, Eco6226, 14221, 8623.51, 397.1, 154.8, 0.0
25, Eco6441, 112, 8906.79, 388.2, 165.0, 0.0
25, Eco7133, 1393, 10824.23, 441.8, 173.3, 0.0
25, Eco7226, 46751, 9098.48, 406.5, 164.9, 0.0
25, Eco7441, 8369, 11011.32, 459.4, 196.4, 0.0
30, Eco1072, 115584, 10880.99, 362.4, 169.5, 0.0
30, Eco1102, 62270, 11679.94, 373.9, 180.7, 0.0
30, Eco1133, 2042, 9760.43, 372.5, 163.4, 0.0
30, Eco1226, 20029, 12268.66, 446.2, 202.7, 0.0
30, Eco1441, 3597, 12661.55, 430.2, 207.4, 0.0
30, Eco2072, 474, 9410.35, 365.9, 150.8, 0.0
30, Eco2102, 25182, 9494.97, 347.4, 143.6, 0.0
30, Eco2133, 62492, 9941.14, 389.7, 156.2, 0.0
30, Eco2226, 140769, 10358.64, 405.5, 164.1, 0.0
30, Eco2441, 13252, 12248.03, 439.5, 191.5, 0.0
30, Eco3036, 4122, 7172.44, 261.1, 121.3, 0.0
30, Eco3072, 7998, 8908.51, 312.5, 143.0, 0.0
30, Eco3102, 2702, 9977.16, 330.4, 153.7, 0.0
30, Eco3226, 63089, 10959.80, 426.5, 185.2, 0.0
30, Eco3441, 12813, 13328.46, 491.3, 227.9, 0.0
30, Eco4036, 10187, 5798.76, 241.4, 102.4, 0.0
30, Eco4072, 8627, 7668.48, 298.9, 131.6, 0.0
30, Eco4102, 10771, 8961.13, 334.0, 153.3, 0.0
30, Eco4133, 2167, 9003.43, 355.5, 160.7, 0.0
30, Eco4226, 50645, 9684.41, 419.3, 169.1, 0.0
30, Eco4441, 11394, 11325.93, 458.1, 198.1, 0.0
30, Eco5036, 518, 6884.09, 235.9, 107.8, 0.0
30, Eco5102, 1704, 10512.19, 353.0, 174.6, 0.0
30, Eco5133, 2095, 8417.08, 338.0, 137.8, 0.0
30, Eco5226, 79038, 9739.63, 403.2, 163.7, 0.0
30, Eco5441, 24346, 10342.85, 438.0, 185.0, 0.0
30, Eco6036, 416, 4324.93, 208.3, 77.9, 0.0
30, Eco6133, 718, 9226.22, 356.1, 144.4, 0.0
30, Eco6226, 14221, 8853.48, 379.6, 148.9, 0.0
30, Eco6441, 112, 9412.24, 416.8, 162.9, 0.0
30, Eco7133, 1393, 11363.67, 402.6, 163.8, 0.0
30, Eco7226, 46751, 9371.73, 397.1, 158.8, 0.0
30, Eco7441, 8369, 11372.60, 438.4, 187.4, 0.0
35, Eco1072, 115584, 11297.60, 360.0, 164.1, 0.0
35, Eco1102, 62270, 12269.77, 388.3, 178.3, 0.0
35, Eco1133, 2042, 10316.57, 396.3, 166.5, 0.0
35, Eco1226, 20029, 12534.36, 451.8, 199.1, 0.0
35, Eco1441, 3597, 13609.82, 459.9, 204.9, 0.0
35, Eco2072, 474, 10089.18, 355.3, 145.5, 0.0
35, Eco2102, 25182, 9876.16, 342.3, 140.0, 0.0
35, Eco2133, 62492, 10382.86, 386.7, 154.4, 0.0
35, Eco2226, 140769, 10774.42, 418.5, 165.5, 0.0
35, Eco2441, 13252, 12609.41, 458.9, 191.5, 0.0
35, Eco3036, 4122, 7592.71, 264.7, 117.9, 0.0
35, Eco3072, 7998, 8907.62, 305.3, 136.0, 0.0
35, Eco3102, 2702, 10102.83, 322.3, 144.1, 0.0
35, Eco3226, 63089, 11261.82, 427.9, 182.4, 0.0
35, Eco3441, 12813, 13051.23, 473.2, 210.8, 0.0
35, Eco4036, 10187, 6170.28, 247.6, 101.7, 0.0
35, Eco4072, 8627, 8154.97, 302.1, 129.6, 0.0
35, Eco4102, 10771, 9245.05, 327.4, 147.1, 0.0
35, Eco4133, 2167, 9037.46, 343.5, 152.9, 0.0
35, Eco4226, 50645, 10007.48, 416.9, 168.2, 0.0
35, Eco4441, 11394, 11711.24, 468.6, 199.8, 0.0
35, Eco5036, 518, 6605.30, 215.7, 99.6, 0.0
35, Eco5102, 1704, 10889.84, 330.8, 163.3, 0.0
35, Eco5133, 2095, 8401.12, 316.6, 130.2, 0.0
35, Eco5226, 79038, 9822.59, 386.1, 158.0, 0.0
35, Eco5441, 24346, 10541.07, 448.3, 187.9, 0.0
35, Eco6036, 416, 4736.00, 218.3, 80.7, 0.0
35, Eco6133, 718, 8579.67, 319.8, 135.4, 0.0
35, Eco6226, 14221, 9066.86, 376.1, 147.8, 0.0
35, Eco6441, 112, 9569.53, 426.8, 165.3, 0.0
35, Eco7133, 1393, 11630.37, 371.9, 153.7, 0.0
35, Eco7226, 46751, 9924.86, 411.9, 161.8, 0.0
35, Eco7441, 8369, 11175.57, 430.0, 179.2, 0.0
40, Eco1072, 115584, 11807.70, 350.5, 152.3, 0.0
40, Eco1102, 62270, 12808.08, 375.0, 162.3, 0.0
40, Eco1133, 2042, 11332.90, 398.4, 155.9, 0.0
40, Eco1226, 20029, 12978.48, 436.7, 181.8, 0.0
40, Eco1441, 3597, 13935.29, 431.7, 203.7, 0.0
40, Eco2072, 474, 10760.20, 363.6, 140.9, 0.0
40, Eco2102, 25182, 10633.18, 361.1, 138.5, 0.0
40, Eco2133, 62492, 10883.23, 400.4, 150.4, 0.0
40, Eco2226, 140769, 11232.16, 418.6, 162.0, 0.0
40, Eco2441, 13252, 12943.65, 440.4, 190.7, 0.0
40, Eco3036, 4122, 7922.61, 267.7, 115.6, 0.0
40, Eco3072, 7998, 9236.71, 313.5, 131.7, 0.0
40, Eco3102, 2702, 10239.10, 328.6, 136.2, 0.0
40, Eco3226, 63089, 11482.99, 409.4, 164.6, 0.0
40, Eco3441, 12813, 12887.41, 410.3, 192.9, 0.0
40, Eco4036, 10187, 6448.25, 248.6, 100.8, 0.0
40, Eco4072, 8627, 8599.88, 311.5, 128.3, 0.0
40, Eco4102, 10771, 9741.61, 345.4, 144.3, 0.0
40, Eco4133, 2167, 9178.15, 340.4, 142.1, 0.0
40, Eco4226, 50645, 10385.50, 393.3, 150.7, 0.0
40, Eco4441, 11394, 11805.24, 373.1, 164.2, 0.0
40, Eco5036, 518, 6189.77, 228.6, 102.4, 0.0
40, Eco5102, 1704, 11415.25, 346.4, 151.6, 0.0
40, Eco5133, 2095, 8312.03, 315.3, 121.2, 0.0
40, Eco5226, 79038, 10067.86, 364.7, 138.2, 0.0
40, Eco5441, 24346, 10580.71, 371.0, 155.2, 0.0
40, Eco6036, 416, 5243.37, 227.9, 81.4, 0.0
40, Eco6133, 718, 8841.21, 319.7, 122.5, 0.0
40, Eco6226, 14221, 9283.43, 342.5, 127.0, 0.0
40, Eco6441, 112, 9224.28, 350.5, 133.1, 0.0
40, Eco7133, 1393, 12112.18, 371.7, 146.2, 0.0
40, Eco7226, 46751, 10708.92, 412.2, 155.4, 0.0
40, Eco7441, 8369, 11571.04, 396.6, 171.0, 0.0
45, Eco1072, 115584, 12310.72, 366.7, 158.7, 0.0
45, Eco1102, 62270, 13279.10, 398.6, 171.1, 0.0
45, Eco1133, 2042, 12303.32, 436.7, 171.8, 0.0
45, Eco1226, 20029, 13415.43, 453.3, 193.4, 0.0
45, Eco1441, 3597, 14548.98, 425.4, 200.3, 0.0
45, Eco2072, 474, 10572.32, 311.7, 131.0, 0.0
45, Eco2102, 25182, 10840.48, 337.6, 136.5, 0.0
45, Eco2133, 62492, 11157.70, 388.5, 152.5, 0.0
45, Eco2226, 140769, 11700.29, 417.5, 165.3, 0.0
45, Eco2441, 13252, 13386.64, 411.9, 182.7, 0.0
45, Eco3036, 4122, 8397.75, 252.5, 112.5, 0.0
45, Eco3072, 7998, 9875.59, 316.7, 134.8, 0.0
45, Eco3102, 2702, 10587.58, 325.7, 137.2, 0.0
45, Eco3226, 63089, 11844.89, 425.0, 174.2, 0.0
45, Eco3441, 12813, 12491.02, 397.4, 186.4, 0.0
45, Eco4036, 10187, 6718.34, 230.7, 96.8, 0.0
45, Eco4072, 8627, 9042.20, 298.2, 126.0, 0.0
45, Eco4102, 10771, 10204.98, 337.3, 145.2, 0.0
45, Eco4133, 2167, 9692.88, 354.8, 149.1, 0.0
45, Eco4226, 50645, 10837.80, 417.6, 164.8, 0.0
45, Eco4441, 11394, 11655.41, 414.7, 180.3, 0.0
45, Eco5036, 518, 6679.68, 215.6, 99.3, 0.0
45, Eco5102, 1704, 11614.39, 310.5, 144.4, 0.0
45, Eco5133, 2095, 8935.78, 325.2, 127.1, 0.0
45, Eco5226, 79038, 10604.27, 392.5, 153.0, 0.0
45, Eco5441, 24346, 10465.04, 408.6, 171.4, 0.0
45, Eco6036, 416, 4824.05, 204.7, 79.0, 0.0
45, Eco6133, 718, 8834.61, 316.9, 127.7, 0.0
45, Eco6226, 14221, 10087.15, 386.7, 146.3, 0.0
45, Eco6441, 112, 10361.30, 423.4, 163.5, 0.0
45, Eco7133, 1393, 12762.30, 361.0, 145.8, 0.0
45, Eco7226, 46751, 11228.08, 422.6, 161.6, 0.0
45, Eco7441, 8369, 11902.66, 410.6, 174.9, 0.0
50, Eco1072, 115584, 12408.03, 264.7, 121.5, 0.0
50, Eco1102, 62270, 13438.67, 293.3, 136.7, 0.0
50, Eco1133, 2042, 12314.58, 350.5, 147.5, 0.0
50, Eco1226, 20029, 13308.10, 366.9, 163.7, 0.0
50, Eco1441, 3597, 14592.96, 340.3, 170.9, 0.0
50, Eco2072, 474, 10585.43, 282.7, 109.5, 0.0
50, Eco2102, 25182, 10776.00, 295.3, 117.3, 0.0
50, Eco2133, 62492, 11247.93, 345.6, 135.5, 0.0
50, Eco2226, 140769, 11831.84, 359.0, 144.5, 0.0
50, Eco2441, 13252, 12995.97, 325.2, 152.0, 0.0
50, Eco3036, 4122, 8370.93, 204.1, 90.3, 0.0
50, Eco3072, 7998, 10193.64, 268.7, 113.7, 0.0
50, Eco3102, 2702, 10904.17, 280.0, 117.8, 0.0
50, Eco3226, 63089, 11775.10, 345.2, 147.9, 0.0
50, Eco3441, 12813, 11611.87, 289.6, 144.1, 0.0
50, Eco4036, 10187, 6711.70, 208.4, 83.3, 0.0
50, Eco4072, 8627, 9077.84, 263.6, 107.4, 0.0
50, Eco4102, 10771, 10208.20, 291.5, 123.7, 0.0
50, Eco4133, 2167, 9318.59, 306.4, 129.2, 0.0
50, Eco4226, 50645, 10862.92, 354.0, 142.2, 0.0
50, Eco4441, 11394, 11444.67, 339.9, 147.0, 0.0
50, Eco5036, 518, 6986.22, 204.1, 87.8, 0.0
50, Eco5102, 1704, 11562.31, 261.9, 116.8, 0.0
50, Eco5133, 2095, 8483.46, 280.0, 108.9, 0.0
50, Eco5226, 79038, 10540.55, 331.4, 131.3, 0.0
50, Eco5441, 24346, 10431.76, 355.1, 146.8, 0.0
50, Eco6036, 416, 5139.00, 210.5, 73.8, 0.0
50, Eco6133, 718, 9189.48, 307.6, 118.1, 0.0
50, Eco6226, 14221, 10026.75, 335.3, 128.2, 0.0
50, Eco6441, 112, 10613.75, 390.5, 155.8, 0.0
50, Eco7133, 1393, 12756.76, 295.5, 122.5, 0.0
50, Eco7226, 46751, 11261.39, 352.9, 139.3, 0.0
50, Eco7441, 8369, 11566.94, 330.3, 146.0, 0.0
55, Eco1072, 115584, 13050.95, 397.6, 160.0, 0.0
55, Eco1102, 62270, 14203.97, 421.7, 174.3, 0.0
55, Eco1133, 2042, 13289.85, 445.1, 173.9, 0.0
55, Eco1226, 20029, 13556.01, 463.6, 188.1, 0.0
55, Eco1441, 3597, 15563.73, 496.4, 201.0, 0.0
55, Eco2072, 474, 11412.60, 364.8, 137.7, 0.0
55, Eco2102, 25182, 11303.04, 357.6, 139.9, 0.0
55, Eco2133, 62492, 11766.60, 406.6, 158.5, 0.0
55, Eco2226, 140769, 12283.35, 423.0, 166.1, 0.0
55, Eco2441, 13252, 13224.17, 436.9, 176.3, 0.0
55, Eco3036, 4122, 8594.38, 268.8, 108.3, 0.0
55, Eco3072, 7998, 10533.19, 331.6, 132.6, 0.0
55, Eco3102, 2702, 11107.37, 343.7, 136.4, 0.0
55, Eco3226, 63089, 12325.53, 435.0, 170.5, 0.0
55, Eco3441, 12813, 12171.33, 441.1, 172.6, 0.0
55, Eco4036, 10187, 7110.95, 244.3, 93.8, 0.0
55, Eco4072, 8627, 9373.01, 305.7, 121.5, 0.0
55, Eco4102, 10771, 10768.44, 354.3, 142.9, 0.0
55, Eco4133, 2167, 9947.24, 367.1, 146.4, 0.0
55, Eco4226, 50645, 11578.32, 433.9, 165.6, 0.0
55, Eco4441, 11394, 11807.63, 430.6, 168.5, 0.0
55, Eco5036, 518, 7483.99, 255.8, 106.2, 0.0
55, Eco5102, 1704, 12071.97, 337.8, 140.6, 0.0
55, Eco5133, 2095, 9323.86, 336.7, 127.6, 0.0
55, Eco5226, 79038, 11122.78, 397.9, 151.3, 0.0
55, Eco5441, 24346, 10917.70, 434.5, 166.4, 0.0
55, Eco6036, 416, 5498.22, 232.9, 83.0, 0.0
55, Eco6133, 718, 9962.08, 368.9, 143.5, 0.0
55, Eco6226, 14221, 10879.43, 398.8, 149.1, 0.0
55, Eco6441, 112, 11227.80, 473.4, 181.3, 0.0
55, Eco7133, 1393, 13677.97, 391.4, 153.1, 0.0
55, Eco7226, 46751, 12000.13, 435.1, 162.2, 0.0
55, Eco7441, 8369, 12394.74, 449.8, 171.2, 0.0
60, Eco1072, 115584, 13183.36, 194.7, 123.2, 0.0
60, Eco1102, 62270, 14254.07, 208.6, 134.6, 0.0
60, Eco1133, 2042, 13949.99, 273.8, 143.8, 0.0
60, Eco1226, 20029, 13853.02, 332.1, 169.9, 0.0
60, Eco1441, 3597, 15382.23, 350.1, 186.9, 0.0
60, Eco2072, 474, 11927.53, 225.7, 117.3, 0.0
60, Eco2102, 25182, 11845.88, 249.3, 122.6, 0.0
60, Eco2133, 62492, 12057.42, 294.4, 139.4, 0.0
60, Eco2226, 140769, 12491.49, 314.6, 146.6, 0.0
60, Eco2441, 13252, 13619.24, 342.8, 162.4, 0.0
60, Eco3036, 4122, 8461.02, 171.7, 91.5, 0.0
60, Eco3072, 7998, 11165.69, 213.9, 113.6, 0.0
60, Eco3102, 2702, 11600.98, 227.0, 117.2, 0.0
60, Eco3226, 63089, 12652.20, 328.0, 156.5, 0.0
60, Eco3441, 12813, 12580.86, 348.9, 166.0, 0.0
60, Eco4036, 10187, 7231.10, 193.2, 86.9, 0.0
60, Eco4072, 8627, 9817.15, 226.8, 109.2, 0.0
60, Eco4102, 10771, 11070.43, 247.9, 124.6, 0.0
60, Eco4133, 2167, 10677.44, 285.3, 134.4, 0.0
60, Eco4226, 50645, 11644.18, 332.7, 150.3, 0.0
60, Eco4441, 11394, 12134.80, 361.6, 163.8, 0.0
60, Eco5036, 518, 7466.95, 189.0, 95.9, 0.0
60, Eco5102, 1704, 12358.06, 210.0, 117.5, 0.0
60, Eco5133, 2095, 9970.91, 278.6, 121.1, 0.0
60, Eco5226, 79038, 11645.49, 324.7, 143.4, 0.0
60, Eco5441, 24346, 11387.93, 379.0, 163.1, 0.0
60, Eco6036, 416, 5578.19, 190.6, 76.6, 0.0
60, Eco6133, 718, 10393.42, 276.1, 129.7, 0.0
60, Eco6226, 14221, 11442.31, 322.7, 139.0, 0.0
60, Eco6441, 112, 12476.00, 427.0, 180.4, 0.0
60, Eco7133, 1393, 14136.24, 240.3, 127.2, 0.0
60, Eco7226, 46751, 12224.30, 334.9, 146.2, 0.0
60, Eco7441, 8369, 12506.13, 348.3, 159.1, 0.0
65, Eco1072, 115584, 13273.37, 261.9, 120.9, 0.0
65, Eco1102, 62270, 14257.26, 289.6, 132.9, 0.0
65, Eco1133, 2042, 14362.39, 351.1, 143.2, 0.0
65, Eco1226, 20029, 14081.19, 365.3, 157.3, 0.0
65, Eco1441, 3597, 15129.09, 308.9, 149.7, 0.0
65, Eco2072, 474, 12367.05, 284.0, 119.7, 0.0
65, Eco2102, 25182, 12373.44, 303.8, 125.0, 0.0
65, Eco2133, 62492, 12255.01, 348.3, 142.0, 0.0
65, Eco2226, 140769, 12874.50, 345.3, 140.6, 0.0
65, Eco2441, 13252, 13980.32, 334.7, 147.0, 0.0
65, Eco3036, 4122, 8700.39, 189.4, 88.1, 0.0
65, Eco3072, 7998, 11008.29, 235.9, 107.5, 0.0
65, Eco3102, 2702, 12183.63, 277.4, 117.4, 0.0
65, Eco3226, 63089, 12788.38, 337.5, 143.6, 0.0
65, Eco3441, 12813, 13022.90, 333.1, 144.2, 0.0
65, Eco4036, 10187, 7321.92, 197.3, 86.3, 0.0
65, Eco4072, 8627, 10192.63, 249.4, 110.5, 0.0
65, Eco4102, 10771, 11409.17, 271.8, 120.9, 0.0
65, Eco4133, 2167, 11383.82, 313.2, 134.1, 0.0
65, Eco4226, 50645, 11837.64, 335.7, 139.3, 0.0
65, Eco4441, 11394, 12335.96, 322.2, 141.6, 0.0
65, Eco5036, 518, 7907.23, 196.7, 93.8, 0.0
65, Eco5102, 1704, 12752.84, 234.7, 111.2, 0.0
65, Eco5133, 2095, 9589.13, 273.8, 113.5, 0.0
65, Eco5226, 79038, 11861.22, 317.5, 131.2, 0.0
65, Eco5441, 24346, 11541.10, 340.6, 143.5, 0.0
65, Eco6036, 416, 5306.83, 199.8, 80.2, 0.0
65, Eco6133, 718, 10806.27, 310.8, 132.5, 0.0
65, Eco6226, 14221, 11381.69, 317.4, 129.2, 0.0
65, Eco6441, 112, 12392.54, 377.8, 159.7, 0.0
65, Eco7133, 1393, 14692.79, 289.5, 124.2, 0.0
65, Eco7226, 46751, 11970.51, 318.1, 128.4, 0.0
65, Eco7441, 8369, 12682.13, 324.1, 137.8, 0.0
70, Eco1072, 115584, 13698.78, 330.6, 141.6, 0.0
70, Eco1102, 62270, 14586.99, 355.3, 155.4, 0.0
70, Eco1133, 2042, 14978.37, 400.5, 160.3, 0.0
70, Eco1226, 20029, 14167.81, 385.9, 164.2, 0.0
70, Eco1441, 3597, 15444.90, 372.8, 161.3, 0.0
70, Eco2072, 474, 13144.97, 337.9, 132.8, 0.0
70, Eco2102, 25182, 13017.19, 338.3, 132.6, 0.0
70, Eco2133, 62492, 12795.60, 381.3, 148.8, 0.0
70, Eco2226, 140769, 13426.40, 377.3, 148.2, 0.0
70, Eco2441, 13252, 14104.73, 370.4, 153.1, 0.0
70, Eco3036, 4122, 9182.16, 226.9, 96.6, 0.0
70, Eco3072, 7998, 11812.69, 284.1, 117.4, 0.0
70, Eco3102, 2702, 12562.83, 313.5, 126.5, 0.0
70, Eco3226, 63089, 13192.33, 373.7, 151.9, 0.0
70, Eco3441, 12813, 13831.06, 384.1, 155.6, 0.0
70, Eco4036, 10187, 7418.64, 228.9, 95.6, 0.0
70, Eco4072, 8627, 10746.74, 270.8, 114.9, 0.0
70, Eco4102, 10771, 11886.51, 304.0, 128.4, 0.0
70, Eco4133, 2167, 12155.93, 348.0, 142.0, 0.0
70, Eco4226, 50645, 12254.35, 363.6, 144.6, 0.0
70, Eco4441, 11394, 12930.81, 342.4, 143.7, 0.0
70, Eco5036, 518, 8406.15, 223.2, 98.6, 0.0
70, Eco5102, 1704, 13489.35, 268.8, 116.1, 0.0
70, Eco5133, 2095, 9998.45, 299.2, 115.0, 0.0
70, Eco5226, 79038, 12351.31, 347.5, 135.8, 0.0
70, Eco5441, 24346, 11962.80, 351.2, 142.8, 0.0
70, Eco6036, 416, 5107.51, 188.1, 74.0, 0.0
70, Eco6133, 718, 11831.61, 352.9, 141.6, 0.0
70, Eco6226, 14221, 11614.71, 330.9, 129.8, 0.0
70, Eco6441, 112, 12234.34, 334.7, 148.8, 0.0
70, Eco7133, 1393, 15148.65, 329.3, 132.3, 0.0
70, Eco7226, 46751, 11953.24, 334.0, 129.9, 0.0
70, Eco7441, 8369, 13085.04, 368.4, 147.1, 0.0
75, Eco1072, 115584, 14398.89, 393.6, 171.8, 0.0
75, Eco1102, 62270, 14898.47, 404.6, 180.9, 0.0
75, Eco1133, 2042, 15445.66, 438.4, 181.9, 0.0
75, Eco1226, 20029, 14726.22, 427.6, 179.2, 0.0
75, Eco1441, 3597, 16360.63, 432.0, 186.7, 0.0
75, Eco2072, 474, 13937.95, 390.2, 160.6, 0.0
75, Eco2102, 25182, 13876.45, 378.0, 155.6, 0.0
75, Eco2133, 62492, 13724.77, 426.0, 173.3, 0.0
75, Eco2226, 140769, 14099.45, 414.1, 167.0, 0.0
75, Eco2441, 13252, 14690.26, 418.9, 171.1, 0.0
75, Eco3036, 4122, 9966.00, 286.1, 120.4, 0.0
75, Eco3072, 7998, 12445.64, 335.5, 144.3, 0.0
75, Eco3102, 2702, 13095.93, 357.5, 149.8, 0.0
75, Eco3226, 63089, 13702.62, 407.3, 169.5, 0.0
75, Eco3441, 12813, 14434.70, 420.8, 170.5, 0.0
75, Eco4036, 10187, 8133.09, 278.4, 112.1, 0.0
75, Eco4072, 8627, 11229.39, 326.9, 138.2, 0.0
75, Eco4102, 10771, 12401.88, 359.5, 154.0, 0.0
75, Eco4133, 2167, 12774.10, 395.3, 166.3, 0.0
75, Eco4226, 50645, 12816.23, 404.2, 163.3, 0.0
75, Eco4441, 11394, 13263.05, 392.5, 156.3, 0.0
75, Eco5036, 518, 9126.30, 282.7, 120.7, 0.0
75, Eco5102, 1704, 14371.56, 357.6, 153.8, 0.0
75, Eco5133, 2095, 10837.54, 352.7, 136.6, 0.0
75, Eco5226, 79038, 12954.09, 385.0, 153.7, 0.0
75, Eco5441, 24346, 12361.02, 404.0, 154.6, 0.0
75, Eco6036, 416, 6107.89, 258.8, 99.1, 0.0
75, Eco6133, 718, 12821.41, 413.7, 167.3, 0.0
75, Eco6226, 14221, 12202.57, 374.3, 147.2, 0.0
75, Eco6441, 112, 12740.34, 412.4, 163.6, 0.0
75, Eco7133, 1393, 15715.52, 404.4, 170.0, 0.0
75, Eco7226, 46751, 12388.54, 376.9, 150.3, 0.0
75, Eco7441, 8369, 13393.58, 396.9, 158.5, 0.0
80, Eco1072, 115584, 14489.69, 249.6, 124.3, 0.0
80, Eco1102, 62270, 15105.03, 300.5, 143.3, 0.0
80, Eco1133, 2042, 12464.08, 274.2, 127.8, 0.0
80, Eco1226, 20029, 15073.11, 417.1, 167.6, 0.0
80, Eco1441, 3597, 17259.65, 443.4, 184.3, 0.0
80, Eco2072, 474, 14477.27, 295.6, 128.2, 0.0
80, Eco2102, 25182, 13925.39, 319.4, 133.8, 0.0
80, Eco2133, 62492, 14258.40, 390.8, 157.5, 0.0
80, Eco2226, 140769, 14625.15, 401.5, 160.5, 0.0
80, Eco2441, 13252, 15170.95, 412.7, 170.1, 0.0
80, Eco3036, 4122, 10234.38, 198.1, 92.5, 0.0
80, Eco3072, 7998, 12970.09, 249.7, 113.1, 0.0
80, Eco3102, 2702, 13364.86, 281.7, 122.2, 0.0
80, Eco3226, 63089, 14174.51, 398.0, 155.9, 0.0
80, Eco3441, 12813, 14942.68, 428.6, 164.4, 0.0
80, Eco4036, 10187, 8390.32, 228.4, 96.1, 0.0
80, Eco4072, 8627, 11401.11, 261.9, 114.0, 0.0
80, Eco4102, 10771, 12869.26, 290.2, 126.2, 0.0
80, Eco4133, 2167, 13140.42, 326.7, 137.5, 0.0
80, Eco4226, 50645, 13058.95, 377.5, 144.8, 0.0
80, Eco4441, 11394, 13565.76, 391.6, 147.7, 0.0
80, Eco5036, 518, 9342.72, 214.2, 97.8, 0.0
80, Eco5102, 1704, 14331.28, 261.4, 117.6, 0.0
80, Eco5133, 2095, 10864.99, 296.5, 114.2, 0.0
80, Eco5226, 79038, 12960.73, 350.1, 135.1, 0.0
80, Eco5441, 24346, 12268.68, 384.8, 143.2, 0.0
80, Eco6036, 416, 6884.74, 248.8, 96.2, 0.0
80, Eco6133, 718, 13191.56, 363.1, 146.0, 0.0
80, Eco6226, 14221, 12724.47, 350.1, 133.8, 0.0
80, Eco6441, 112, 13749.36, 395.3, 152.2, 0.0
80, Eco7133, 1393, 16008.74, 309.7, 135.9, 0.0
80, Eco7226, 46751, 13020.03, 376.3, 142.3, 0.0
80, Eco7441, 8369, 14254.64, 411.0, 154.8, 0.0
85, Eco1072, 115584, 14596.24, 185.3, 99.7, 0.0
85, Eco1102, 62270, 15257.05, 204.8, 115.1, 0.0
85, Eco1133, 2042, 12046.49, 221.2, 108.5, 0.0
85, Eco1226, 20029, 15180.29, 325.2, 151.9, 0.0
85, Eco1441, 3597, 16962.01, 324.9, 160.4, 0.0
85, Eco2072, 474, 13176.46, 187.7, 98.7, 0.0
85, Eco2102, 25182, 14227.73, 238.5, 113.7, 0.0
85, Eco2133, 62492, 14520.30, 290.8, 136.7, 0.0
85, Eco2226, 140769, 14856.67, 318.5, 144.4, 0.0
85, Eco2441, 13252, 15331.64, 340.0, 149.5, 0.0
85, Eco3036, 4122, 10311.25, 165.1, 80.6, 0.0
85, Eco3072, 7998, 12967.91, 193.5, 97.4, 0.0
85, Eco3102, 2702, 13291.59, 201.5, 99.9, 0.0
85, Eco3226, 63089, 14418.96, 316.2, 145.9, 0.0
85, Eco3441, 12813, 15194.49, 357.2, 156.5, 0.0
85, Eco4036, 10187, 8038.49, 190.9, 87.4, 0.0
85, Eco4072, 8627, 11688.16, 207.7, 100.9, 0.0
85, Eco4102, 10771, 12856.48, 214.9, 108.6, 0.0
85, Eco4133, 2167, 12884.68, 240.9, 118.6, 0.0
85, Eco4226, 50645, 13114.58, 328.1, 140.9, 0.0
85, Eco4441, 11394, 13593.51, 336.3, 145.1, 0.0
85, Eco5036, 518, 9375.47, 168.4, 84.3, 0.0
85, Eco5102, 1704, 14125.33, 185.1, 97.3, 0.0
85, Eco5133, 2095, 11195.70, 257.7, 105.4, 0.0
85, Eco5226, 79038, 13080.97, 310.1, 131.4, 0.0
85, Eco5441, 24346, 12252.02, 347.8, 142.2, 0.0
85, Eco6036, 416, 6914.99, 230.6, 95.7, 0.0
85, Eco6133, 718, 12952.69, 285.0, 128.5, 0.0
85, Eco6226, 14221, 12906.32, 323.0, 132.7, 0.0
85, Eco6441, 112, 14203.38, 314.0, 142.6, 0.0
85, Eco7133, 1393, 16335.58, 194.5, 108.5, 0.0
85, Eco7226, 46751, 13514.22, 315.0, 135.8, 0.0
85, Eco7441, 8369, 14174.47, 331.4, 144.0, 0.0
90, Eco1072, 115584, 14497.59, 175.5, 90.7, 0.0
90, Eco1102, 62270, 15433.98, 200.0, 108.1, 0.0
90, Eco1133, 2042, 12193.94, 226.3, 106.1, 0.0
90, Eco1226, 20029, 14983.00, 239.3, 127.5, 0.0
90, Eco1441, 3597, 16857.25, 224.6, 124.8, 0.0
90, Eco2072, 474, 13371.56, 196.4, 88.2, 0.0
90, Eco2102, 25182, 14338.07, 223.2, 104.0, 0.0
90, Eco2133, 62492, 14716.04, 267.0, 124.1, 0.0
90, Eco2226, 140769, 15000.00, 253.2, 122.2, 0.0
90, Eco2441, 13252, 15384.72, 255.8, 122.6, 0.0
90, Eco3036, 4122, 10323.20, 138.6, 72.0, 0.0
90, Eco3072, 7998, 13251.09, 188.1, 92.1, 0.0
90, Eco3102, 2702, 13163.13, 193.7, 92.9, 0.0
90, Eco3226, 63089, 14566.42, 244.0, 124.3, 0.0
90, Eco3441, 12813, 15182.71, 261.2, 125.0, 0.0
90, Eco4036, 10187, 8151.69, 170.4, 78.6, 0.0
90, Eco4072, 8627, 11704.88, 192.3, 90.9, 0.0
90, Eco4102, 10771, 12811.68, 210.2, 100.7, 0.0
90, Eco4133, 2167, 13131.21, 227.1, 109.0, 0.0
90, Eco4226, 50645, 13322.30, 251.4, 121.1, 0.0
90, Eco4441, 11394, 13611.25, 235.8, 115.2, 0.0
90, Eco5036, 518, 9530.59, 129.5, 70.5, 0.0
90, Eco5102, 1704, 13453.76, 148.2, 81.5, 0.0
90, Eco5133, 2095, 10792.30, 199.9, 88.3, 0.0
90, Eco5226, 79038, 13197.88, 227.3, 109.1, 0.0
90, Eco5441, 24346, 12244.11, 251.2, 115.8, 0.0
90, Eco6036, 416, 7190.17, 203.1, 89.7, 0.0
90, Eco6133, 718, 13260.14, 218.4, 110.4, 0.0
90, Eco6226, 14221, 13272.49, 237.9, 114.2, 0.0
90, Eco6441, 112, 14927.26, 234.5, 121.0, 0.0
90, Eco7133, 1393, 16691.94, 169.4, 87.7, 0.0
90, Eco7226, 46751, 13866.05, 264.1, 118.6, 0.0
90, Eco7441, 8369, 14477.34, 264.2, 119.8, 0.0
95, Eco1072, 115584, 14554.04, 177.3, 75.4, 0.0
95, Eco1102, 62270, 15613.29, 208.3, 88.8, 0.0
95, Eco1133, 2042, 12800.44, 259.7, 98.3, 0.0
95, Eco1226, 20029, 14972.37, 277.7, 112.7, 0.0
95, Eco1441, 3597, 17236.57, 258.8, 121.0, 0.0
95, Eco2072, 474, 13775.14, 200.4, 72.9, 0.0
95, Eco2102, 25182, 14079.22, 215.1, 86.7, 0.0
95, Eco2133, 62492, 14790.52, 283.1, 109.1, 0.0
95, Eco2226, 140769, 15042.50, 287.2, 114.1, 0.0
95, Eco2441, 13252, 15612.67, 267.1, 114.3, 0.0
95, Eco3036, 4122, 9920.80, 142.3, 63.3, 0.0
95, Eco3072, 7998, 13056.61, 187.4, 82.1, 0.0
95, Eco3102, 2702, 13105.19, 200.0, 80.0, 0.0
95, Eco3226, 63089, 14831.32, 276.9, 113.4, 0.0
95, Eco3441, 12813, 15701.94, 278.6, 114.5, 0.0
95, Eco4036, 10187, 8049.78, 173.4, 71.7, 0.0
95, Eco4072, 8627, 11492.36, 200.8, 84.1, 0.0
95, Eco4102, 10771, 12678.72, 214.6, 92.1, 0.0
95, Eco4133, 2167, 13032.65, 222.3, 96.5, 0.0
95, Eco4226, 50645, 13477.40, 295.3, 118.8, 0.0
95, Eco4441, 11394, 13454.90, 283.1, 115.8, 0.0
95, Eco5036, 518, 9706.17, 149.8, 65.9, 0.0
95, Eco5102, 1704, 13673.73, 178.1, 72.7, 0.0
95, Eco5133, 2095, 10935.61, 224.3, 83.2, 0.0
95, Eco5226, 79038, 13359.30, 276.6, 108.2, 0.0
95, Eco5441, 24346, 12386.71, 302.8, 115.9, 0.0
95, Eco6036, 416, 7331.87, 211.7, 86.8, 0.0
95, Eco6133, 718, 13293.78, 256.4, 102.6, 0.0
95, Eco6226, 14221, 13249.10, 293.4, 115.3, 0.0
95, Eco6441, 112, 15418.76, 298.7, 124.2, 0.0
95, Eco7133, 1393, 17003.29, 192.2, 74.5, 0.0
95, Eco7226, 46751, 14018.66, 291.5, 111.9, 0.0
95, Eco7441, 8369, 14474.34, 275.3, 111.4, 0.0
100, Eco1072, 115584, 14239.66, 120.5, 76.2, 0.0
100, Eco1102, 62270, 15536.02, 135.2, 90.9, 0.0
100, Eco1133, 2042, 12937.23, 193.9, 102.2, 0.0
100, Eco1226, 20029, 14660.69, 188.4, 110.6, 0.0
100, Eco1441, 3597, 17368.84, 179.1, 113.2, 0.0
100, Eco2072, 474, 13995.16, 114.3, 70.5, 0.0
100, Eco2102, 25182, 13900.52, 131.2, 81.5, 0.0
100, Eco2133, 62492, 14735.00, 155.2, 100.2, 0.0
100, Eco2226, 140769, 14874.22, 198.6, 108.9, 0.0
100, Eco2441, 13252, 15763.70, 242.8, 115.4, 0.0
100, Eco3036, 4122, 9544.10, 104.1, 59.9, 0.0
100, Eco3072, 7998, 12742.54, 132.2, 80.0, 0.0
100, Eco3102, 2702, 13224.16, 133.7, 78.4, 0.0
100, Eco3226, 63089, 14703.84, 194.1, 110.1, 0.0
100, Eco3441, 12813, 15855.74, 210.0, 107.3, 0.0
100, Eco4036, 10187, 8210.91, 130.6, 67.5, 0.0
100, Eco4072, 8627, 11645.55, 136.6, 77.8, 0.0
100, Eco4102, 10771, 12635.65, 143.1, 86.9, 0.0
100, Eco4133, 2167, 13289.67, 161.9, 92.6, 0.0
100, Eco4226, 50645, 13482.59, 199.7, 107.9, 0.0
100, Eco4441, 11394, 13820.01, 241.6, 111.4, 0.0
100, Eco5036, 518, 7722.01, 87.9, 62.6, 0.0
100, Eco5102, 1704, 13772.57, 107.9, 70.4, 0.0
100, Eco5133, 2095, 11455.92, 161.7, 81.0, 0.0
100, Eco5226, 79038, 13473.10, 190.5, 101.6, 0.0
100, Eco5441, 24346, 12744.73, 268.5, 115.8, 0.0
100, Eco6036, 416, 7312.21, 142.3, 77.4, 0.0
100, Eco6133, 718, 13473.06, 146.9, 93.8, 0.0
100, Eco6226, 14221, 13173.75, 206.4, 107.4, 0.0
100, Eco6441, 112, 16032.61, 275.5, 127.4, 0.0
100, Eco7133, 1393, 17068.69, 94.7, 72.6, 0.0
100, Eco7226, 46751, 14185.95, 216.9, 109.2, 0.0
100, Eco7441, 8369, 14395.43, 220.6, 105.9, 0.0
105, Eco1072, 115584, 14397.47, 226.5, 86.7, 0.0
105, Eco1102, 62270, 15699.72, 259.2, 101.8, 0.0
105, Eco1133, 2042, 13803.75, 319.9, 117.9, 0.0
105, Eco1226, 20029, 14911.69, 317.8, 121.7, 0.0
105, Eco1441, 3597, 17303.36, 293.6, 125.6, 0.0
105, Eco2072, 474, 14551.51, 265.7, 93.0, 0.0
105, Eco2102, 25182, 14090.39, 261.6, 100.7, 0.0
105, Eco2133, 62492, 15068.07, 328.8, 123.3, 0.0
105, Eco2226, 140769, 15039.04, 313.1, 120.4, 0.0
105, Eco2441, 13252, 16296.04, 320.6, 123.7, 0.0
105, Eco3036, 4122, 9680.41, 160.1, 65.6, 0.0
105, Eco3072, 7998, 13502.97, 222.4, 91.6, 0.0
105, Eco3102, 2702, 13814.37, 243.1, 91.8, 0.0
105, Eco3226, 63089, 15041.49, 293.0, 117.3, 0.0
105, Eco3441, 12813, 16147.66, 301.9, 120.8, 0.0
105, Eco4036, 10187, 8589.98, 200.2, 78.3, 0.0
105, Eco4072, 8627, 12011.37, 227.1, 91.4, 0.0
105, Eco4102, 10771, 12777.47, 240.9, 99.9, 0.0
105, Eco4133, 2167, 13829.93, 255.5, 105.0, 0.0
105, Eco4226, 50645, 13763.30, 305.4, 121.1, 0.0
105, Eco4441, 11394, 14010.58, 297.2, 118.8, 0.0
105, Eco5036, 518, 8197.24, 154.9, 65.7, 0.0
105, Eco5102, 1704, 14376.34, 219.4, 88.0, 0.0
105, Eco5133, 2095, 11988.45, 264.4, 98.2, 0.0
105, Eco5226, 79038, 13824.73, 295.6, 116.4, 0.0
105, Eco5441, 24346, 13299.94, 325.2, 123.8, 0.0
105, Eco6036, 416, 7821.56, 202.5, 83.0, 0.0
105, Eco6133, 718, 14192.79, 293.9, 117.1, 0.0
105, Eco6226, 14221, 13729.87, 311.5, 123.7, 0.0
105, Eco6441, 112, 15378.52, 274.3, 117.4, 0.0
105, Eco7133, 1393, 17598.98, 249.9, 91.4, 0.0
105, Eco7226, 46751, 14183.85, 300.1, 114.7, 0.0
105, Eco7441, 8369, 14827.06, 302.1, 118.4, 0.0
110, Eco1072, 115584, 14391.90, 170.4, 96.3, 0.0
110, Eco1102, 62270, 15920.54, 190.0, 111.2, 0.0
110, Eco1133, 2042, 14723.19, 277.5, 133.0, 0.0
110, Eco1226, 20029, 15179.90, 246.1, 127.9, 0.0
110, Eco1441, 3597, 17682.41, 215.7, 126.6, 0.0
110, Eco2072, 474, 15112.98, 221.0, 106.5, 0.0
110, Eco2102, 25182, 14597.02, 231.3, 110.6, 0.0
110, Eco2133, 62492, 15332.94, 267.9, 131.5, 0.0
110, Eco2226, 140769, 15400.38, 265.2, 128.9, 0.0
110, Eco2441, 13252, 16687.35, 278.4, 132.8, 0.0
110, Eco3036, 4122, 10224.12, 159.1, 75.4, 0.0
110, Eco3072, 7998, 13689.08, 178.0, 97.1, 0.0
110, Eco3102, 2702, 13306.14, 187.2, 98.5, 0.0
110, Eco3226, 63089, 14833.69, 237.6, 122.3, 0.0
110, Eco3441, 12813, 16267.83, 219.5, 118.1, 0.0
110, Eco4036, 10187, 8833.80, 184.3, 83.3, 0.0
110, Eco4072, 8627, 12341.58, 200.7, 99.7, 0.0
110, Eco4102, 10771, 12668.29, 199.6, 104.1, 0.0
110, Eco4133, 2167, 14185.56, 222.6, 110.9, 0.0
110, Eco4226, 50645, 13999.21, 265.8, 126.5, 0.0
110, Eco4441, 11394, 14206.26, 252.4, 121.5, 0.0
110, Eco5036, 518, 8563.71, 153.1, 73.1, 0.0
110, Eco5102, 1704, 14839.83, 167.1, 92.1, 0.0
110, Eco5133, 2095, 12293.97, 231.1, 101.8, 0.0
110, Eco5226, 79038, 13929.67, 257.2, 119.8, 0.0
110, Eco5441, 24346, 13394.44, 275.6, 123.4, 0.0
110, Eco6036, 416, 8436.34, 196.6, 92.1, 0.0
110, Eco6133, 718, 14641.16, 241.2, 121.3, 0.0
110, Eco6226, 14221, 13357.34, 258.2, 121.2, 0.0
110, Eco6441, 112, 14846.46, 228.9, 113.0, 0.0
110, Eco7133, 1393, 17904.49, 171.7, 100.8, 0.0
110, Eco7226, 46751, 13992.28, 247.9, 117.3, 0.0
110, Eco7441, 8369, 15170.48, 244.8, 120.9, 0.0
115, Eco1072, 115584, 14524.31, 189.9, 100.6, 0.0
115, Eco1102, 62270, 15914.36, 198.9, 113.9, 0.0
115, Eco1133, 2042, 15217.02, 278.8, 137.1, 0.0
115, Eco1226, 20029, 15097.95, 244.6, 127.1, 0.0
115, Eco1441, 3597, 17577.92, 240.2, 131.5, 0.0
115, Eco2072, 474, 14185.69, 151.7, 90.4, 0.0
115, Eco2102, 25182, 15007.53, 209.4, 107.1, 0.0
115, Eco2133, 62492, 15474.87, 227.9, 123.6, 0.0
115, Eco2226, 140769, 15604.58, 233.1, 120.7, 0.0
115, Eco2441, 13252, 16774.37, 246.1, 122.5, 0.0
115, Eco3036, 4122, 10670.46, 158.4, 79.2, 0.0
115, Eco3072, 7998, 13375.88, 186.0, 99.9, 0.0
115, Eco3102, 2702, 13760.14, 202.7, 100.7, 0.0
115, Eco3226, 63089, 15152.42, 231.6, 121.2, 0.0
115, Eco3441, 12813, 16162.46, 233.0, 120.2, 0.0
115, Eco4036, 10187, 9152.70, 187.1, 86.1, 0.0
115, Eco4072, 8627, 11917.24, 196.5, 98.7, 0.0
115, Eco4102, 10771, 13122.64, 225.1, 111.1, 0.0
115, Eco4133, 2167, 14023.91, 215.1, 109.4, 0.0
115, Eco4226, 50645, 13976.53, 250.4, 124.0, 0.0
115, Eco4441, 11394, 14196.33, 247.7, 119.9, 0.0
115, Eco5036, 518, 8531.58, 150.6, 75.6, 0.0
115, Eco5102, 1704, 14236.13, 163.0, 92.3, 0.0
115, Eco5133, 2095, 12396.93, 228.4, 102.0, 0.0
115, Eco5226, 79038, 14084.46, 232.0, 115.3, 0.0
115, Eco5441, 24346, 13409.70, 265.3, 120.5, 0.0
115, Eco6036, 416, 9022.02, 202.8, 95.9, 0.0
115, Eco6133, 718, 15055.72, 235.6, 122.1, 0.0
115, Eco6226, 14221, 13559.03, 249.7, 120.8, 0.0
115, Eco6441, 112, 15180.97, 239.7, 115.8, 0.0
115, Eco7133, 1393, 18175.62, 154.0, 99.2, 0.0
115, Eco7226, 46751, 14126.33, 220.7, 111.1, 0.0
115, Eco7441, 8369, 14738.48, 232.9, 117.6, 0.0
120, Eco1072, 115584, 14889.99, 203.9, 91.2, 0.0
120, Eco1102, 62270, 16032.49, 207.6, 100.0, 0.0
120, Eco1133, 2042, 15106.64, 266.4, 117.5, 0.0
120, Eco1226, 20029, 15492.52, 280.3, 119.9, 0.0
120, Eco1441, 3597, 18253.04, 250.5, 125.8, 0.0
120, Eco2072, 474, 14739.28, 176.8, 77.3, 0.0
120, Eco2102, 25182, 15203.05, 217.4, 96.9, 0.0
120, Eco2133, 62492, 15622.81, 245.1, 108.0, 0.0
120, Eco2226, 140769, 15984.29, 269.4, 114.7, 0.0
120, Eco2441, 13252, 16877.85, 256.6, 120.1, 0.0
120, Eco3036, 4122, 10927.40, 151.3, 70.1, 0.0
120, Eco3072, 7998, 13437.62, 196.7, 92.7, 0.0
120, Eco3102, 2702, 14002.40, 212.1, 92.9, 0.0
120, Eco3226, 63089, 15276.30, 255.4, 112.8, 0.0
120, Eco3441, 12813, 16178.94, 239.4, 112.3, 0.0
120, Eco4036, 10187, 9375.40, 161.7, 71.6, 0.0
120, Eco4072, 8627, 12208.11, 182.6, 83.2, 0.0
120, Eco4102, 10771, 13150.80, 208.6, 96.9, 0.0
120, Eco4133, 2167, 12863.18, 208.9, 97.1, 0.0
120, Eco4226, 50645, 13960.94, 251.9, 108.8, 0.0
120, Eco4441, 11394, 14384.29, 263.9, 116.4, 0.0
120, Eco5036, 518, 8921.78, 148.0, 67.7, 0.0
120, Eco5102, 1704, 13058.95, 152.6, 74.7, 0.0
120, Eco5133, 2095, 12757.65, 226.5, 90.9, 0.0
120, Eco5226, 79038, 14208.61, 238.7, 101.4, 0.0
120, Eco5441, 24346, 13476.13, 266.1, 112.3, 0.0
120, Eco6036, 416, 9530.92, 177.2, 80.1, 0.0
120, Eco6133, 718, 14699.51, 210.4, 96.7, 0.0
120, Eco6226, 14221, 13765.23, 253.3, 107.3, 0.0
120, Eco6441, 112, 15850.46, 255.2, 114.3, 0.0
120, Eco7133, 1393, 17934.99, 154.0, 75.4, 0.0
120, Eco7226, 46751, 14454.72, 243.3, 103.0, 0.0
120, Eco7441, 8369, 14997.72, 262.3, 117.1, 0.0
125, Eco1072, 115584, 15169.46, 190.1, 100.7, 0.0
125, Eco1102, 62270, 16420.19, 208.9, 112.6, 0.0
125, Eco1133, 2042, 16069.46, 286.6, 133.8, 0.0
125, Eco1226, 20029, 16008.87, 327.1, 142.0, 0.0
125, Eco1441, 3597, 18896.77, 327.8, 147.4, 0.0
125, Eco2072, 474, 15150.85, 176.8, 91.6, 0.0
125, Eco2102, 25182, 15611.70, 221.7, 108.0, 0.0
125, Eco2133, 62492, 15975.58, 249.2, 121.9, 0.0
125, Eco2226, 140769, 16453.64, 302.8, 131.6, 0.0
125, Eco2441, 13252, 17269.72, 301.8, 129.9, 0.0
125, Eco3036, 4122, 10455.18, 157.8, 77.6, 0.0
125, Eco3072, 7998, 13132.95, 197.5, 100.7, 0.0
125, Eco3102, 2702, 13320.62, 194.4, 96.8, 0.0
125, Eco3226, 63089, 15785.83, 284.0, 127.9, 0.0
125, Eco3441, 12813, 16478.37, 292.3, 126.9, 0.0
125, Eco4036, 10187, 9557.39, 182.0, 78.6, 0.0
125, Eco4072, 8627, 12638.53, 205.3, 94.5, 0.0
125, Eco4102, 10771, 13595.87, 222.6, 107.7, 0.0
125, Eco4133, 2167, 13157.35, 233.7, 108.3, 0.0
125, Eco4226, 50645, 14232.96, 289.2, 122.1, 0.0
125, Eco4441, 11394, 14717.53, 300.7, 123.1, 0.0
125, Eco5036, 518, 9156.08, 159.9, 73.2, 0.0
125, Eco5102, 1704, 12798.57, 159.4, 80.3, 0.0
125, Eco5133, 2095, 12704.09, 235.4, 98.4, 0.0
125, Eco5226, 79038, 14382.52, 262.1, 112.3, 0.0
125, Eco5441, 24346, 13571.67, 302.0, 120.1, 0.0
125, Eco6036, 416, 9917.69, 208.6, 92.4, 0.0
125, Eco6133, 718, 14552.42, 205.6, 102.2, 0.0
125, Eco6226, 14221, 14162.82, 273.3, 118.4, 0.0
125, Eco6441, 112, 16403.65, 282.6, 123.5, 0.0
125, Eco7133, 1393, 18261.24, 150.8, 84.8, 0.0
125, Eco7226, 46751, 15099.91, 275.6, 117.8, 0.0
125, Eco7441, 8369, 15628.11, 303.1, 128.4, 0.0
130, Eco1072, 115584, 15314.13, 178.1, 102.2, 0.0
130, Eco1102, 62270, 16509.43, 192.9, 115.4, 0.0
130, Eco1133, 2042, 14216.93, 223.8, 124.0, 0.0
130, Eco1226, 20029, 16581.18, 283.2, 139.5, 0.0
130, Eco1441, 3597, 18764.37, 311.9, 143.7, 0.0
130, Eco2072, 474, 15372.06, 182.3, 98.2, 0.0
130, Eco2102, 25182, 15918.52, 219.7, 112.4, 0.0
130, Eco2133, 62492, 16291.82, 246.6, 127.9, 0.0
130, Eco2226, 140769, 16857.45, 285.9, 133.3, 0.0
130, Eco2441, 13252, 17496.41, 318.1, 133.2, 0.0
130, Eco3036, 4122, 10806.03, 167.3, 82.0, 0.0
130, Eco3072, 7998, 13305.94, 203.4, 104.7, 0.0
130, Eco3102, 2702, 13431.63, 201.7, 101.0, 0.0
130, Eco3226, 63089, 16124.30, 255.7, 128.0, 0.0
130, Eco3441, 12813, 16687.76, 301.3, 129.0, 0.0
130, Eco4036, 10187, 9752.94, 176.4, 81.0, 0.0
130, Eco4072, 8627, 13198.41, 206.6, 100.5, 0.0
130, Eco4102, 10771, 13785.05, 218.9, 113.0, 0.0
130, Eco4133, 2167, 13408.78, 239.0, 115.8, 0.0
130, Eco4226, 50645, 14593.19, 268.1, 123.5, 0.0
130, Eco4441, 11394, 14872.42, 302.4, 126.8, 0.0
130, Eco5036, 518, 9307.84, 167.9, 77.9, 0.0
130, Eco5102, 1704, 13258.19, 184.7, 89.1, 0.0
130, Eco5133, 2095, 12510.18, 235.9, 100.3, 0.0
130, Eco5226, 79038, 14659.80, 260.4, 115.7, 0.0
130, Eco5441, 24346, 13860.42, 310.1, 124.0, 0.0
130, Eco6036, 416, 10264.37, 213.9, 96.8, 0.0
130, Eco6133, 718, 14936.06, 227.2, 110.6, 0.0
130, Eco6226, 14221, 14766.13, 279.2, 124.7, 0.0
130, Eco6441, 112, 13498.19, 275.2, 125.7, 0.0
130, Eco7133, 1393, 18589.02, 167.3, 97.1, 0.0
130, Eco7226, 46751, 15694.79, 276.0, 124.4, 0.0
130, Eco7441, 8369, 16121.80, 317.1, 132.7, 0.0
135, Eco1072, 115584, 15156.93, 144.4, 84.0, 0.0
135, Eco1102, 62270, 16563.60, 165.2, 95.2, 0.0
135, Eco1133, 2042, 14765.58, 193.9, 102.3, 0.0
135, Eco1226, 20029, 16710.66, 228.0, 116.0, 0.0
135, Eco1441, 3597, 18976.87, 237.3, 121.7, 0.0
135, Eco2072, 474, 14281.34, 110.0, 73.4, 0.0
135, Eco2102, 25182, 15857.12, 155.7, 91.2, 0.0
135, Eco2133, 62492, 16311.64, 174.2, 100.9, 0.0
135, Eco2226, 140769, 16805.00, 209.7, 108.6, 0.0
135, Eco2441, 13252, 17653.80, 241.7, 114.4, 0.0
135, Eco3036, 4122, 10855.63, 120.9, 68.3, 0.0
135, Eco3072, 7998, 13436.95, 165.5, 93.0, 0.0
135, Eco3102, 2702, 13509.64, 162.8, 85.2, 0.0
135, Eco3226, 63089, 16102.30, 211.2, 109.1, 0.0
135, Eco3441, 12813, 16282.83, 231.2, 112.0, 0.0
135, Eco4036, 10187, 9777.54, 131.5, 68.3, 0.0
135, Eco4072, 8627, 13237.97, 150.5, 84.2, 0.0
135, Eco4102, 10771, 12994.50, 164.4, 95.0, 0.0
135, Eco4133, 2167, 13682.15, 197.9, 102.9, 0.0
135, Eco4226, 50645, 14524.83, 215.3, 106.4, 0.0
135, Eco4441, 11394, 14643.50, 249.8, 113.8, 0.0
135, Eco5036, 518, 9604.36, 144.9, 72.5, 0.0
135, Eco5102, 1704, 13379.77, 145.0, 76.4, 0.0
135, Eco5133, 2095, 11602.68, 150.1, 76.8, 0.0
135, Eco5226, 79038, 14425.01, 196.6, 97.0, 0.0
135, Eco5441, 24346, 13414.18, 249.6, 109.6, 0.0
135, Eco6036, 416, 9987.95, 130.2, 77.3, 0.0
135, Eco6133, 718, 15052.06, 161.5, 90.2, 0.0
135, Eco6226, 14221, 14930.27, 222.8, 109.9, 0.0
135, Eco6441, 112, 14353.09, 300.6, 129.4, 0.0
135, Eco7133, 1393, 18577.98, 110.0, 67.6, 0.0
135, Eco7226, 46751, 15770.74, 218.3, 103.2, 0.0
135, Eco7441, 8369, 16007.93, 248.9, 116.9, 0.0
140, Eco1072, 115584, 15294.95, 152.0, 71.3, 0.0
140, Eco1102, 62270, 16712.50, 166.8, 83.0, 0.0
140, Eco1133, 2042, 13860.67, 181.3, 86.0, 0.0
140, Eco1226, 20029, 16762.59, 231.6, 105.2, 0.0
140, Eco1441, 3597, 19013.50, 189.4, 96.7, 0.0
140, Eco2072, 474, 14408.34, 157.0, 66.3, 0.0
140, Eco2102, 25182, 16114.08, 184.0, 83.7, 0.0
140, Eco2133, 62492, 16199.83, 207.8, 92.7, 0.0
140, Eco2226, 140769, 16775.27, 231.8, 101.2, 0.0
140, Eco2441, 13252, 17593.38, 228.7, 99.4, 0.0
140, Eco3036, 4122, 10933.40, 126.7, 60.1, 0.0
140, Eco3072, 7998, 13674.14, 180.7, 88.2, 0.0
140, Eco3102, 2702, 13925.22, 178.8, 82.0, 0.0
140, Eco3226, 63089, 16054.86, 226.3, 106.2, 0.0
140, Eco3441, 12813, 16002.01, 206.5, 97.5, 0.0
140, Eco4036, 10187, 9620.95, 130.1, 59.8, 0.0
140, Eco4072, 8627, 13142.62, 164.9, 78.4, 0.0
140, Eco4102, 10771, 13188.12, 186.2, 91.0, 0.0
140, Eco4133, 2167, 14146.86, 221.6, 103.4, 0.0
140, Eco4226, 50645, 14762.80, 230.8, 103.4, 0.0
140, Eco4441, 11394, 14950.97, 238.6, 105.1, 0.0
140, Eco5036, 518, 8793.48, 132.4, 65.3, 0.0
140, Eco5102, 1704, 13266.40, 157.5, 73.5, 0.0
140, Eco5133, 2095, 11790.97, 188.4, 77.6, 0.0
140, Eco5226, 79038, 14320.29, 217.9, 95.0, 0.0
140, Eco5441, 24346, 13467.29, 251.0, 104.0, 0.0
140, Eco6036, 416, 10183.83, 145.7, 67.6, 0.0
140, Eco6133, 718, 15271.23, 181.5, 85.2, 0.0
140, Eco6226, 14221, 15264.53, 241.6, 107.0, 0.0
140, Eco6441, 112, 15372.14, 298.3, 128.1, 0.0
140, Eco7133, 1393, 18757.03, 128.9, 61.8, 0.0
140, Eco7226, 46751, 16023.96, 238.7, 101.6, 0.0
140, Eco7441, 8369, 16131.50, 226.7, 103.3, 0.0
145, Eco1072, 115584, 15279.09, 167.1, 72.8, 0.0
145, Eco1102, 62270, 16638.70, 193.0, 85.3, 0.0
145, Eco1133, 2042, 14666.08, 235.0, 92.1, 0.0
145, Eco1226, 20029, 16856.01, 293.4, 114.4, 0.0
145, Eco1441, 3597, 18727.14, 272.5, 112.7, 0.0
145, Eco2072, 474, 14875.22, 163.5, 68.1, 0.0
145, Eco2102, 25182, 16411.94, 187.1, 84.8, 0.0
145, Eco2133, 62492, 16253.82, 222.8, 95.4, 0.0
145, Eco2226, 140769, 16972.06, 251.1, 103.5, 0.0
145, Eco2441, 13252, 17633.39, 267.5, 108.2, 0.0
145, Eco3036, 4122, 11055.32, 134.3, 60.9, 0.0
145, Eco3072, 7998, 14387.77, 195.0, 89.0, 0.0
145, Eco3102, 2702, 14306.22, 192.1, 81.2, 0.0
145, Eco3226, 63089, 16357.90, 262.3, 109.3, 0.0
145, Eco3441, 12813, 16290.12, 276.6, 110.0, 0.0
145, Eco4036, 10187, 9663.66, 141.1, 59.2, 0.0
145, Eco4072, 8627, 13038.76, 163.9, 73.3, 0.0
145, Eco4102, 10771, 13377.96, 199.5, 89.7, 0.0
145, Eco4133, 2167, 14835.56, 245.5, 104.1, 0.0
145, Eco4226, 50645, 14935.77, 261.7, 103.6, 0.0
145, Eco4441, 11394, 14829.96, 272.4, 107.8, 0.0
145, Eco5036, 518, 9168.14, 142.3, 62.1, 0.0
145, Eco5102, 1704, 13639.28, 160.7, 71.5, 0.0
145, Eco5133, 2095, 12005.87, 196.7, 76.4, 0.0
145, Eco5226, 79038, 14428.41, 238.3, 94.9, 0.0
145, Eco5441, 24346, 13802.08, 286.4, 108.0, 0.0
145, Eco6036, 416, 10255.99, 142.8, 65.0, 0.0
145, Eco6133, 718, 15494.15, 187.2, 82.7, 0.0
145, Eco6226, 14221, 15453.44, 254.3, 105.5, 0.0
145, Eco6441, 112, 14574.95, 284.8, 119.7, 0.0
145, Eco7133, 1393, 18963.57, 144.8, 64.2, 0.0
145, Eco7226, 46751, 16288.19, 266.4, 104.4, 0.0
145, Eco7441, 8369, 16737.14, 285.4, 113.2, 0.0
150, Eco1072, 115584, 15377.60, 167.4, 77.8, 0.0
150, Eco1102, 62270, 16694.79, 192.0, 93.3, 0.0
150, Eco1133, 2042, 15615.46, 239.7, 105.0, 0.0
150, Eco1226, 20029, 17112.37, 290.0, 131.5, 0.0
150, Eco1441, 3597, 18971.62, 274.7, 130.8, 0.0
150, Eco2072, 474, 15058.43, 166.1, 70.1, 0.0
150, Eco2102, 25182, 16503.79, 185.3, 86.1, 0.0
150, Eco2133, 62492, 16298.35, 220.5, 98.4, 0.0
150, Eco2226, 140769, 17250.86, 248.2, 110.2, 0.0
150, Eco2441, 13252, 17700.87, 266.5, 117.0, 0.0
150, Eco3036, 4122, 11210.44, 137.0, 64.4, 0.0
150, Eco3072, 7998, 14458.92, 181.5, 92.2, 0.0
150, Eco3102, 2702, 14401.84, 187.4, 86.2, 0.0
150, Eco3226, 63089, 16554.76, 258.8, 120.4, 0.0
150, Eco3441, 12813, 16505.97, 278.7, 123.9, 0.0
150, Eco4036, 10187, 9653.36, 139.8, 62.1, 0.0
150, Eco4072, 8627, 13196.43, 167.0, 79.0, 0.0
150, Eco4102, 10771, 13602.63, 197.9, 96.0, 0.0
150, Eco4133, 2167, 15235.66, 243.1, 113.7, 0.0
150, Eco4226, 50645, 15156.53, 262.3, 115.6, 0.0
150, Eco4441, 11394, 15140.02, 277.2, 118.5, 0.0
150, Eco5036, 518, 9360.20, 139.0, 63.6, 0.0
150, Eco5102, 1704, 13639.75, 159.6, 72.5, 0.0
150, Eco5133, 2095, 12343.57, 200.7, 82.5, 0.0
150, Eco5226, 79038, 14533.21, 237.9, 103.6, 0.0
150, Eco5441, 24346, 13986.59, 285.5, 116.1, 0.0
150, Eco6036, 416, 10511.07, 150.4, 69.7, 0.0
150, Eco6133, 718, 15558.42, 185.0, 86.8, 0.0
150, Eco6226, 14221, 15331.25, 241.0, 110.3, 0.0
150, Eco6441, 112, 15227.32, 318.2, 138.3, 0.0
150, Eco7133, 1393, 18841.37, 141.2, 68.0, 0.0
150, Eco7226, 46751, 16184.81, 251.7, 110.8, 0.0
150, Eco7441, 8369, 16639.37, 272.8, 123.5, 0.0
